Workbook

Sheet Instructions
A1: Perform the following in the dataset from the 'Dataset' sheet.
B3: 1) Sum, Count, Average:
C4: • What is the total price of all products in the dataset?
C5: =Dataset!G36 -> 10100
C6: • How many products are there in the dataset?
C7: =Dataset!G37 -> 34
C8: • Calculate the average price of the products.
C9: =Dataset!G38 -> 297.05882
B10: 2) Min and Max:
C11: • Determine the minimum price among all products.
C12: =Dataset!G39 -> 30
C13: • Find the maximum price among all products.
C14: =Dataset!G40 -> 1000
B16: 3) IF Function:
C17: • Using an IF function, create a new column named Price Range to categorize products with a price greater than or equal to $500 as 'High Price' and others as 'Standard Price'.
C18: =Dataset!J1 -> Price Range
B20: 4) SUMIF and COUNTIF:
C21: • Calculate the total price for products in the 'Electronics' category using the SUMIF function.
C22: =Dataset!G41 -> 8050
C23: • Determine the count of products with a price less than $100 using the COUNTIF function.
C24: =Dataset!G42 -> 11
B26: 5) Text Formatting - LEFT, RIGHT, MID:
C27: • Create a new column named Day with the first 2 characters of each 'Product ID' using the LEFT function.
C28: =Dataset!B1 -> Left
C29: • Create a new column named Country Code by extracting the last 2 characters from the 'Product ID' column using the RIGHT function.
C30: =Dataset!C1 -> Right
C31: • Create a new column named Month by extracting 4th to 6th characters from the 'Product ID' column using the MID function.
C32: =Dataset!D1 -> MID

Sheet Dataset
A1: Product ID | B1: Left | C1: Right | D1: MID | E1: Product Name | F1: Brand Name | G1: Price ($) | H1: Quantity | I1: Category | J1: Price Range
A2: 28-JAN-US | B2: =LEFT(A2,2) -> 28 | C2: =RIGHT(A2,2) -> US | D2: =MID(A2,4,6) -> JAN-US | E2: Laptop | F2: Dell | G2: 1000 | H2: 30 | I2: Electronics | J2: =IF(G2>=500,"High Price","Standard Price") -> High Price
A3: 15-FEB-US | B3: =LEFT(A3,2) -> 15 | C3: =RIGHT(A3,2) -> US | D3: =MID(A3,4,6) -> FEB-US | E3: Sneakers | F3: Nike | G3: 80 | H3: 15 | I3: Fashion | J3: =IF(G3>=500,"High Price","Standard Price") -> Standard Price
A4: 03-MAR-US | B4: =LEFT(A4,2) -> 03 | C4: =RIGHT(A4,2) -> US | D4: =MID(A4,4,6) -> MAR-US | E4: Coffee Maker | F4: Keurig | G4: 130 | H4: 40 | I4: Kitchen | J4: =IF(G4>=500,"High Price","Standard Price") -> Standard Price
A5: 11-APR-US | B5: =LEFT(A5,2) -> 11 | C5: =RIGHT(A5,2) -> US | D5: =MID(A5,4,6) -> APR-US | E5: Smartphone | F5: Samsung | G5: 900 | H5: 25 | I5: Electronics | J5: =IF(G5>=500,"High Price","Standard Price") -> High Price
A6: 22-MAY-US | B6: =LEFT(A6,2) -> 22 | C6: =RIGHT(A6,2) -> US | D6: =MID(A6,4,6) -> MAY-US | E6: Backpack | F6: North Face | G6: 70 | H6: 20 | I6: Outdoor | J6: =IF(G6>=500,"High Price","Standard Price") -> Standard Price
A7: 07-JUN-UK | B7: =LEFT(A7,2) -> 07 | C7: =RIGHT(A7,2) -> UK | D7: =MID(A7,4,6) -> JUN-UK | E7: Headphones | F7: Sony | G7: 200 | H7: 45 | I7: Electronics | J7: =IF(G7>=500,"High Price","Standard Price") -> Standard Price
A8: 19-JUL-UK | B8: =LEFT(A8,2) -> 19 | C8: =RIGHT(A8,2) -> UK | D8: =MID(A8,4,6) -> JUL-UK | E8: T-shirt | F8: Adidas | G8: 30 | H8: 5 | I8: Fashion | J8: =IF(G8>=500,"High Price","Standard Price") -> Standard Price
A9: 23-AUG-UK | B9: =LEFT(A9,2) -> 23 | C9: =RIGHT(A9,2) -> UK | D9: =MID(A9,4,6) -> AUG-UK | E9: Blender | F9: Ninja | G9: 90 | H9: 35 | I9: Kitchen | J9: =IF(G9>=500,"High Price","Standard Price") -> Standard Price
A10: 05-SEP-UK | B10: =LEFT(A10,2) -> 05 | C10: =RIGHT(A10,2) -> UK | D10: =MID(A10,4,6) -> SEP-UK | E10: Tablet | F10: Apple | G10: 500 | H10: 50 | I10: Electronics | J10: =IF(G10>=500,"High Price","Standard Price") -> High Price
A11: 14-OCT-UK | B11: =LEFT(A11,2) -> 14 | C11: =RIGHT(A11,2) -> UK | D11: =MID(A11,4,6) -> OCT-UK | E11: Hiking Boots | F11: Timberland | G11: 130 | H11: 10 | I11: Outdoor | J11: =IF(G11>=500,"High Price","Standard Price") -> Standard Price
A12: 17-JUN-IN | B12: =LEFT(A12,2) -> 17 | C12: =RIGHT(A12,2) -> IN | D12: =MID(A12,4,6) -> JUN-IN | E12: Laptop | F12: HP | G12: 950 | H12: 25 | I12: Electronics | J12: =IF(G12>=500,"High Price","Standard Price") -> High Price
A13: 25-NOV-AU | B13: =LEFT(A13,2) -> 25 | C13: =RIGHT(A13,2) -> AU | D13: =MID(A13,4,6) -> NOV-AU | E13: Sneakers | F13: Adidas | G13: 90 | H13: 40 | I13: Fashion | J13: =IF(G13>=500,"High Price","Standard Price") -> Standard Price
... A35: 09-JUL-FR | B35: =LEFT(A35,2) -> 09 | C35: =RIGHT(A35,2) -> FR | D35: =MID(A35,4,6) -> JUL-FR | E35: Watch | F35: Casio | G35: 100 | H35: 20 | I35: Accessories | J35: =IF(G35>=500,"High Price","Standard Price") -> Standard Price
B36: =LEFT(A36,2) | C36: =RIGHT(A36,2) | D36: =MID(A36,4,6) | F36: Sum | G36: =SUM(G2:G35) -> 10100
B37: =LEFT(A37,2) | C37: =RIGHT(A37,2) | D37: =MID(A37,4,6) | F37: Count | G37: =COUNT(G2:G35) -> 34
B38: =LEFT(A38,2) | C38: =RIGHT(A38,2) | D38: =MID(A38,4,6) | F38: Avg | G38: =AVERAGE(G2:G35) -> 297.05882
B39: =LEFT(A39,2) | C39: =RIGHT(A39,2) | D39: =MID(A39,4,6) | F39: Min Price | G39: =MIN(G2:G35) -> 30
B40: =LEFT(A40,2) | C40: =RIGHT(A40,2) | D40: =MID(A40,4,6) | F40: Max Price | G40: =MAX(G2:G35) -> 1000
B41: =LEFT(A41,2) | C41: =RIGHT(A41,2) | D41: =MID(A41,4,6) | F41: Sumif | G41: =SUMIF(I2:I35,"Electronics",G2:G35) -> 8050
B42: =LEFT(A42,2) | C42: =RIGHT(A42,2) | D42: =MID(A42,4,6) | F42: Countif | G42: =COUNTIF(G2:G35,"<100") -> 11
